<?xml version="1.0" encoding="UTF-8"?>
<project xmlns="http://maven.apache.org/POM/4.0.0" xmlns:xsi="http://www.w3.org/2001/XMLSchema-instance" xsi:schemaLocation="http://maven.apache.org/POM/4.0.0 http://maven.apache.org/maven-v4_0_0.xsd">
  <modelVersion>4.0.0</modelVersion>
  <groupId>iot</groupId>
  <artifactId>iot-check</artifactId>
  <version>0.0.1-SNAPSHOT</version>
  <build>
    <finalName>gateway-core</finalName>
    <plugins>
      <plugin>
        <artifactId>maven-shade-plugin</artifactId>
        <version>3.2.0</version>
        <executions>
          <execution>
            <phase>package</phase>
            <goals>
              <goal>shade</goal>
            </goals>
            <configuration>
              <transformers>
                <transformer>
                  <mainClass>com.iot.check.Star</mainClass>
                </transformer>
              </transformers>
            </configuration>
          </execution>
        </executions>
      </plugin>
    </plugins>
  </build>
  <dependencies>
    <dependency>
      <groupId>org.projectlombok</groupId>
      <artifactId>lombok</artifactId>
      <version>1.16.18</version>
      <scope>provided</scope>
    </dependency>
  </dependencies>
  <properties>
    <melsec.version>1.0.0-SNAPSHOT</melsec.version>
    <slf4j.version>1.7.25</slf4j.version>
    <redis.version>3.3.0</redis.version>
    <netty.version>4.1.32.Final</netty.version>
    <junit.version>4.12</junit.version>
  </properties>
</project>
